City_ID,City,Lat,Lng,Max Temp,Humidity,Cloudiness,Wind Speed,Country,Date
0,puerto baquerizo moreno,-0.9,-89.6,23.75,92,58,4.16,EC,1713783374
1,bredasdorp,-34.5322,20.0403,23.82,50,5,4.25,ZA,1713783484
2,savanna-la-mar,18.219,-78.1332,24.97,87,3,1.73,JM,1713783487
3,tazacorte,28.629,-17.9293,21.54,76,75,3.09,ES,1713783489
4,arraial do cabo,-22.9661,-42.0278,23.92,69,0,3.6,BR,1713783492
5,hawaiian paradise park,19.5933,-154.9731,20.73,97,100,2.06,US,1713783502
6,ibiruba,-28.6275,-53.0897,16.84,79,100,2.14,BR,1713783504
7,grytviken,-54.2811,-36.5092,0.19,78,54,11.92,GS,1713783507
8,udachny,66.4167,112.4,1.92,100,100,0.31,RU,1713783508
9,yellowknife,62.456,-114.3525,-0.71,94,0,2.57,CA,1713783509
10,mount isa,-20.7333,139.5,17.87,63,32,2.06,AU,1713783510
11,thompson,55.7435,-97.8558,-4.91,58,20,1.03,CA,1713783076
12,santana,-0.0583,-51.1817,25.1,100,40,2.06,BR,1713783513
13,waitangi,-43.9535,-176.5597,9.34,79,43,2.68,NZ,1713783514
14,kodiak,57.79,-152.4072,2.73,93,100,0.0,US,1713783515
15,polyarnyy,69.1989,33.4478,-6.7,66,5,10.16,RU,1713783245
16,petropavlovsk-kamchatsky,53.0452,158.6483,2.1,85,0,3.0,RU,1713783434
17,lompoc,34.6391,-120.4579,12.66,87,100,0.0,US,1713783522
18,mata-utu,-13.2816,-176.1745,29.35,76,94,2.57,WF,1713783524
19,port-aux-francais,-49.35,70.2167,5.37,82,14,11.14,TF,1713783526
20,iqaluit,63.7506,-68.5145,-19.06,70,40,2.57,CA,1713783529
21,richards bay,-28.783,32.0377,33.83,34,78,1.47,ZA,1713783315
22,utrik,11.2278,169.8474,28.03,77,100,7.02,MH,1713783533
23,puerto natales,-51.7236,-72.4875,0.16,93,48,2.08,CL,1713783535
24,ushuaia,-54.8,-68.3,5.81,70,100,1.03,AR,1713783538
25,klaksvik,62.2266,-6.589,8.51,79,26,2.33,FO,1713783540
26,quepos,9.4236,-84.1652,25.58,81,94,1.08,CR,1713783542
27,albany,42.6001,-73.9662,3.15,74,8,2.42,US,1713783545
28,edinburgh of the seven seas,-37.0676,-12.3116,16.69,85,43,7.79,SH,1713783547
29,shenjiamen,29.9576,122.298,14.03,94,99,2.59,CN,1713783550
30,laojunmiao,39.8333,97.7333,12.91,16,3,4.92,CN,1713783551
31,adamstown,-25.066,-130.1015,22.17,75,61,11.4,PN,1713783554
32,ust-tsilma,65.441,52.1498,-5.22,75,100,3.13,RU,1713783557
33,severo-yeniseyskiy,60.3725,93.0408,-2.46,91,100,3.58,RU,1713783558
34,talnakh,69.4865,88.3972,-13.77,87,90,1.5,RU,1713783560
35,saint-joseph,-21.3667,55.6167,28.21,81,23,0.98,RE,1713783563
36,minas de marcona,-15.2119,-75.1103,16.23,90,43,2.13,PE,1713783566
37,constantia,44.1833,28.65,13.38,79,71,9.12,RO,1713783567
38,fale old settlement,-9.3852,-171.2468,29.35,76,5,2.96,TK,1713783570
39,georgetown,5.4112,100.3354,32.97,58,20,5.14,MY,1713783572
40,san patricio,28.017,-97.5169,18.8,68,80,4.38,US,1713783574
41,port macquarie,-31.4333,152.9167,16.61,70,21,1.65,AU,1713783367
42,avarua,-21.2078,-159.775,25.03,78,64,1.54,CK,1713783578
43,dryden,49.7833,-92.7503,2.16,55,40,3.09,CA,1713783581
44,campos dos goytacazes,-21.75,-41.3,20.03,94,0,1.54,BR,1713783584
45,bratsk,56.1325,101.6142,4.27,96,100,3.9,RU,1713783564
46,knyaze-volkonskoye,48.4642,135.4567,8.19,65,19,3.79,RU,1713783589
47,invercargill,-46.4,168.35,9.45,81,41,2.68,NZ,1713783592
48,port elizabeth,-33.918,25.5701,23.94,73,20,8.75,ZA,1713783593
49,malango,-2.9627,119.9001,21.72,99,100,0.77,ID,1713783596
50,mount gambier,-37.8333,140.7667,11.11,57,54,2.05,AU,1713783359
51,afif,23.9065,42.9172,30.24,15,0,6.16,SA,1713783601
52,cold lake,54.4502,-110.2017,2.27,91,100,2.83,CA,1713783606
53,puerto maldonado,-12.6,-69.1833,24.85,87,97,0.56,PE,1713783612
54,hermanus,-34.4187,19.2345,24.33,71,34,3.58,ZA,1713783614
55,afega,-13.7973,-171.8531,26.67,94,25,4.71,WS,1713783618
56,margaret river,-33.95,115.0667,15.11,55,5,6.57,AU,1713783534
57,goba,7.0167,39.9833,16.7,78,98,3.01,ET,1713783622
58,west island,-12.1568,96.8225,28.99,79,75,7.72,CC,1713783624
59,moreira sales,-24.0622,-53.0069,20.64,82,0,2.01,BR,1713783627
60,benguela,-12.5763,13.4055,31.18,65,70,3.99,AO,1713783629
61,port lincoln,-34.7333,135.8667,17.0,58,29,1.83,AU,1713783631
62,lagoa formosa,-18.7786,-46.4075,19.37,69,96,0.52,BR,1713783633
63,sampit,-2.5333,112.95,26.16,94,94,1.49,ID,1713783636
64,longyearbyen,78.2186,15.6401,4.91,56,40,6.69,SJ,1713783638
65,nar'yan-mar,67.6713,53.087,-9.38,90,81,1.79,RU,1713783641
66,stanley,54.868,-1.6985,8.07,93,75,3.09,GB,1713783643
67,belgrade,44.804,20.4651,13.55,51,40,3.09,RS,1713783467
68,hithadhoo,-0.6,73.0833,29.64,69,98,0.38,MV,1713783649
69,bilibino,68.0546,166.4372,-17.32,91,34,2.07,RU,1713783651
70,kidal,18.4411,1.4078,39.97,6,65,3.23,ML,1713783654
71,tiksi,71.6872,128.8694,-8.18,94,100,7.12,RU,1713783657
72,maamba,-17.3667,27.15,30.78,27,0,4.14,ZM,1713783659
73,liezen,47.5667,14.2333,5.9,51,100,2.24,AT,1713783661
74,wailua homesteads,22.0669,-159.378,21.44,81,20,8.23,US,1713783664
75,kulhudhuffushi,6.6221,73.07,30.24,74,75,4.01,MV,1713783667
76,college,64.8569,-147.8028,1.78,66,75,0.59,US,1713783670
77,burley,42.5357,-113.7928,6.22,36,100,4.47,US,1713783671
78,vadso,70.0744,29.7487,-3.91,54,20,10.29,NO,1713783674
79,egilsstadir,65.2653,-14.3948,9.28,32,53,2.11,IS,1713783676
80,leticia,-4.2153,-69.9406,24.03,100,20,1.03,CO,1713783417
81,vila franca do campo,37.7167,-25.4333,18.27,99,100,2.32,PT,1713783680
82,bethel,41.3712,-73.414,5.27,74,24,1.73,US,1713783683
83,blackmans bay,-43.0167,147.3167,13.07,85,100,1.5,AU,1713783686
84,port alfred,-33.5906,26.891,17.88,93,53,1.79,ZA,1713783692
85,ola,59.5833,151.2833,-0.48,92,34,0.66,RU,1713783700
86,chefchaouene,35.1688,-5.2636,20.17,33,26,1.27,MA,1713783703
87,vernon,50.2581,-119.2691,6.2,87,51,1.03,CA,1713783594
88,holualoa,19.6228,-155.9522,19.75,85,67,1.6,US,1713783708
89,port mathurin,-19.6833,63.4167,26.95,81,55,6.71,MU,1713783710
90,uturoa,-16.7333,-151.4333,28.22,74,2,0.8,PF,1713783713
91,chibougamau,49.9168,-74.3659,-15.8,77,65,4.29,CA,1713783715
92,grand falls-windsor,48.9332,-55.6649,1.95,89,100,0.45,CA,1713783717
93,palapye,-22.546,27.1251,32.53,15,0,2.91,BW,1713783721
94,saint-philippe,-21.3585,55.7679,28.77,82,22,0.24,RE,1713783522
95,isafjordur,66.0755,-23.124,7.02,65,0,2.57,IS,1713783728
96,enriquillo,17.9,-71.2333,24.62,88,24,4.74,DO,1713783730
97,queenstown,-31.8976,26.8753,27.33,29,99,8.2,ZA,1713783733
98,lanark,55.6737,-3.7817,13.97,74,100,2.54,GB,1713783735
99,mar del plata,-38.0023,-57.5575,15.05,54,0,5.14,AR,1713783469
100,bobrovskiy,56.6732,60.9807,21.09,23,0,2.0,RU,1713783738
101,enewetak,11.3474,162.3373,27.79,77,55,8.19,MH,1713783740
102,tambura,5.6,27.4667,38.93,22,59,2.05,SS,1713783745
103,lebu,-37.6167,-73.65,11.25,79,93,6.11,CL,1713783748
104,carutapera,-1.195,-46.02,26.28,92,98,1.37,BR,1713783750
105,north bend,43.4065,-124.2243,6.59,83,58,3.34,US,1713783752
106,kikwit,-5.041,18.8162,34.59,42,30,1.99,CD,1713783754
107,howrah,22.5892,88.3103,40.0,25,20,3.6,IN,1713783757
108,island harbour,50.724,-1.2758,10.66,62,94,0.89,GB,1713783758
109,east london,-33.0153,27.9116,25.71,77,90,5.78,ZA,1713783606
110,kalmunai,7.4167,81.8167,30.49,72,14,5.74,LK,1713783763
111,trincomalee,8.5711,81.2335,29.95,73,7,6.76,LK,1713783766
112,puerto ayora,-0.7393,-90.3518,24.19,100,77,2.24,EC,1713783769
113,tsimlyansk,47.6461,42.1019,19.02,37,0,2.21,RU,1713783771
114,lerwick,60.1545,-1.1494,9.0,71,70,7.13,GB,1713783773
115,pohrebyshche,49.4864,29.2636,12.09,55,97,3.17,UA,1713783776
116,ketchikan,55.3422,-131.6461,6.3,91,49,2.17,US,1713783778
117,acapulco de juarez,16.8634,-99.8901,24.7,60,35,1.33,MX,1713783781
118,jamestown,42.097,-79.2353,-0.3,94,2,1.23,US,1713783517
119,kapa'a,22.0752,-159.319,22.18,81,20,8.23,US,1713783785
120,prince george,53.9166,-122.753,5.14,57,99,1.34,CA,1713783609
121,villa gesell,-37.2639,-56.973,15.03,62,91,9.58,AR,1713783708
122,san fernando,15.0286,120.6898,34.85,56,12,1.53,PH,1713783278
123,geraldton,-28.7667,114.6,21.23,78,40,10.29,AU,1713783670
124,ngama,11.7833,17.1667,41.86,17,23,4.13,TD,1713783797
125,st. john's,47.5649,-52.7093,4.98,97,100,2.57,CA,1713783799
126,gwadar,25.1216,62.3254,28.77,62,0,6.7,PK,1713783802
127,asadabad,34.7824,48.1185,13.79,71,96,2.8,IR,1713783804
128,codrington,-38.2667,141.9667,10.24,79,30,2.85,AU,1713783806
129,papatowai,-46.5619,169.4708,7.72,80,58,4.06,NZ,1713783761
130,rikaze,29.25,88.8833,16.92,4,98,7.24,CN,1713783812
131,cockburn town,21.4612,-71.1419,25.13,78,19,7.41,TC,1713783814
132,whitehorse,60.7161,-135.0538,1.84,59,13,3.58,CA,1713783816
133,iskateley,67.6803,53.1512,-9.43,90,81,1.79,RU,1713783819
134,turpan,42.9333,89.1667,31.8,10,0,2.07,CN,1713783821
135,la sarre,48.8002,-79.1996,-8.56,83,39,2.5,CA,1713783823
136,petrolina de goias,-16.095,-49.3381,20.97,79,16,1.66,BR,1713783825
137,pacasmayo,-7.4006,-79.5714,20.27,86,40,3.56,PE,1713783827
138,saint-francois,46.4154,3.9054,7.69,58,100,6.17,FR,1713783829
139,kayyerkan,69.3786,87.7439,-13.72,89,97,3.16,RU,1713783832
140,healesville,-37.65,145.5167,15.35,91,0,1.72,AU,1713783834
141,pangody,65.85,74.4859,-10.46,89,100,8.07,RU,1713783837
142,saipan,15.1355,145.701,27.71,78,3,7.13,MP,1713783569
143,tual,-5.6667,132.75,29.12,77,100,3.54,ID,1713783841
144,fortuna,40.5982,-124.1573,5.51,100,0,4.12,US,1713783844
145,anadyr,64.75,177.4833,-8.72,66,0,1.0,RU,1713783769
146,ta`u,-14.2336,-169.5144,28.54,79,32,5.86,AS,1713783771
147,qacha's nek,-30.1154,28.6894,23.05,23,100,9.86,LS,1713783850
148,kiffa,16.6166,-11.4045,36.37,12,47,3.68,MR,1713783851
149,manado,1.487,124.8455,27.43,94,40,0.51,ID,1713783673
150,carnarvon,-24.8667,113.6333,24.26,68,83,11.15,AU,1713783611
151,wamba,8.9333,8.6,34.18,45,99,3.34,NG,1713783852
152,morondava,-20.2833,44.2833,28.35,60,0,4.24,MG,1713783852
153,mount pearl,47.5166,-52.7813,4.52,97,100,2.57,CA,1713783853
154,hammerfest,70.6634,23.6821,-2.75,59,0,5.66,NO,1713783853
155,savyntsi,49.4026,37.0627,16.8,36,14,5.24,UA,1713783853
156,qaqortoq,60.7167,-46.0333,-0.54,91,99,1.83,GL,1713783853
157,nuuk,64.1835,-51.7216,3.34,65,75,11.83,GL,1713783768
158,ribeira grande,38.5167,-28.7,17.22,72,75,4.02,PT,1713783854
159,chinsali,-10.5414,32.0816,25.23,62,59,2.3,ZM,1713783854
160,tabou,4.423,-7.3528,30.74,67,96,1.7,CI,1713783854
161,dudinka,69.4058,86.1778,-13.51,88,90,0.89,RU,1713783855
162,tazovsky,67.4667,78.7,-10.92,90,100,3.53,RU,1713783855
163,vorgashor,67.5833,63.95,-10.11,87,100,5.71,RU,1713783855
164,haiku-pauwela,20.9219,-156.3051,21.13,89,75,5.66,US,1713783855
165,hamilton,39.1834,-84.5333,3.21,88,0,0.89,US,1713783856
166,choibalsan,48.0667,114.5,8.56,41,100,4.24,MN,1713783620
167,pariaman,-0.619,100.12,30.03,85,89,1.73,ID,1713783856
168,afaahiti,-17.75,-149.2833,24.48,85,87,5.58,PF,1713783857
169,gostovici,44.415,18.1583,12.27,48,52,2.18,BA,1713783859
170,kirakira,-10.4544,161.9205,27.61,85,94,1.03,SB,1713783862
171,broken hill,-31.95,141.4333,18.8,27,0,3.03,AU,1713783608
172,hajiganj,23.2511,90.8592,36.6,38,66,6.75,BD,1713783867
173,badger,64.8,-147.5333,1.74,72,69,0.64,US,1713783778
174,cherdyn',60.403,56.4787,7.99,50,47,4.05,RU,1713783876
175,toliara,-23.35,43.6667,29.23,49,0,6.53,MG,1713783877
176,jwaneng,-24.6004,24.7303,30.75,19,1,5.09,BW,1713783878
177,lata,40.1629,-8.3327,22.26,31,26,3.84,PT,1713783878
178,ust-nera,64.5667,143.2,-6.64,98,74,1.76,RU,1713783762
179,saint augustine beach,29.8505,-81.2654,15.59,88,100,4.12,US,1713783879
180,arboga,59.3939,15.8388,1.19,44,99,4.72,SE,1713783879
181,khilok,51.3674,110.4676,4.68,55,82,3.82,RU,1713783880
182,shahabad,27.65,79.95,39.43,11,1,5.46,IN,1713783880
183,agacoren,38.8748,33.9167,19.27,25,40,5.56,TR,1713783882
184,xifeng,42.7372,124.7222,19.38,44,44,4.73,CN,1713783885
185,ust'-ilimsk,58.0006,102.6619,5.24,66,100,3.58,RU,1713783888
186,thai nguyen,21.5928,105.8442,27.88,74,77,2.12,VN,1713783545
187,muynoq,43.7683,59.0214,26.72,26,12,6.58,UZ,1713783895
188,kerikeri,-35.2268,173.9474,11.62,89,2,2.18,NZ,1713783661
189,morehead city,34.7229,-76.726,12.0,82,100,7.72,US,1713783898
190,wewak,-3.5534,143.6268,27.9,76,89,3.23,PG,1713783901
191,kapuskasing,49.4169,-82.4331,-7.55,73,99,2.09,CA,1713783904
192,kendari,-3.945,122.4989,25.86,91,100,1.4,ID,1713783906
193,international falls,48.6011,-93.411,3.35,53,0,0.89,US,1713783908
194,katsuren-haebaru,26.3369,127.8719,27.43,94,75,5.14,JP,1713783859
195,aasiaat,68.7098,-52.8699,0.45,89,100,3.89,GL,1713783909
196,puerto deseado,-47.7503,-65.8938,6.46,66,0,6.15,AR,1713783909
197,zouerate,22.7187,-12.4521,25.08,31,58,3.74,MR,1713783909
198,khandyga,62.6667,135.6,-1.27,95,27,1.06,RU,1713783910
199,dalbandin,28.8947,64.4101,30.43,11,0,2.46,PK,1713783910
200,penzance,50.1186,-5.5371,13.38,82,20,4.63,GB,1713783910
201,chernyshevskiy,63.0128,112.4714,0.2,100,100,0.8,RU,1713783910
202,keflavik,64.0049,-22.5624,8.24,71,40,0.51,IS,1713783642
203,olyokminsk,60.3736,120.4264,1.32,95,92,1.77,RU,1713783915
204,malvan,16.0667,73.4667,30.38,64,12,9.75,IN,1713783918
205,santiago,-33.4569,-70.6483,14.77,67,75,2.06,CL,1713783920
206,bodo,67.28,14.405,4.02,34,0,8.23,NO,1713783923
207,san antonio de pale,-1.4014,5.6325,29.2,74,98,2.14,GQ,1713783924
208,usinsk,65.9939,57.5281,-5.52,71,100,5.36,RU,1713783926
209,tura,25.5198,90.2201,35.85,15,61,4.63,IN,1713783929
210,meadow lake,34.8014,-106.5436,12.84,54,2,3.18,US,1713783936
211,madang,-5.2246,145.7966,26.41,78,94,1.11,PG,1713783940
212,pisco,-13.7,-76.2167,21.12,84,46,1.73,PE,1713783947
213,kopong,-24.4833,25.8833,31.86,19,0,2.71,BW,1713783949
214,masina,-4.3836,15.3914,32.19,62,20,5.14,CD,1713783951
215,nefta,33.8731,7.8777,22.92,17,29,7.04,TN,1713783953
216,beboto,8.2668,16.939,34.33,35,91,4.65,TD,1713783955
217,tukzar,35.9483,66.4213,22.93,21,93,3.2,AF,1713783958
218,tolanaro,-25.0319,46.9987,25.0,69,4,3.13,MG,1713783760
219,beyneu,45.3167,55.2,31.44,15,36,6.13,KZ,1713783963
220,padang,-0.9492,100.3543,30.03,88,88,1.04,ID,1713783672
221,dagupan,17.7061,121.5047,27.87,67,13,4.89,PH,1713783968
222,springbok,-29.6643,17.8865,23.12,36,91,5.46,ZA,1713783971
223,trinidad,-14.8333,-64.9,23.8,92,99,1.56,BO,1713783974
224,mandalgovi,45.7625,106.2708,5.73,28,10,5.25,MN,1713783976
225,ilulissat,69.2167,-51.1,2.01,80,75,1.03,GL,1713783978
226,coquimbo,-29.9533,-71.3436,15.25,85,95,1.26,CL,1713783896
227,ulladulla,-35.35,150.4667,15.0,89,1,2.65,AU,1713783645
228,cerrik,41.0317,19.9758,18.75,40,100,1.84,AL,1713783983
229,saldanha,-33.0117,17.9442,17.76,77,100,4.27,ZA,1713783983
230,noyabrsk,63.1994,75.4507,-11.54,80,100,9.34,RU,1713783984
231,iznik,40.4286,29.7211,22.86,47,77,1.24,TR,1713783984
232,san luis de la loma,17.2706,-100.8939,23.68,59,0,0.98,MX,1713783984
233,alindao,5.0267,21.2088,36.5,36,91,2.51,CF,1713783984
234,pachino,36.7186,15.0907,16.99,67,100,9.02,IT,1713783985
235,erenhot,43.6475,111.9767,10.38,18,87,7.3,CN,1713783985
236,machico,32.7,-16.7667,22.06,75,40,5.14,PT,1713783985
237,margate,51.3813,1.3862,11.28,59,28,0.45,GB,1713783985
238,fuglafjordur,62.244,-6.814,8.26,77,33,2.19,FO,1713783988
239,nishinoomote,30.7333,131.0,19.2,82,100,4.36,JP,1713783819
240,tahe,52.3333,124.7333,9.48,92,100,2.64,CN,1713783993
241,mahibadhoo,3.7833,72.9667,29.45,78,100,5.6,MV,1713783994
242,nuriootpa,-34.4833,139.0,15.21,28,1,1.04,AU,1713783996
243,eduardo castex,-35.915,-64.2945,11.0,95,100,4.97,AR,1713783999
244,catumbela,-12.4314,13.5472,30.72,67,69,3.24,AO,1713784001
245,sitka,57.0531,-135.33,6.94,76,100,2.06,US,1713784004
246,lammi,61.0833,25.0167,-0.06,93,100,5.91,FI,1713784006
247,katsuura,35.1333,140.3,15.9,80,100,6.04,JP,1713784009
248,dolbeau-mistassini,48.8763,-72.212,-10.7,39,64,6.67,CA,1713784013
249,igarka,67.4667,86.5833,-7.21,79,100,2.68,RU,1713784015
250,ancud,-41.8697,-73.8203,7.76,92,100,1.7,CL,1713783775
251,punta arenas,-53.15,-70.9167,5.06,81,75,5.66,CL,1713784021
252,ebon,4.582,168.6964,28.49,83,100,6.34,MH,1713784022
253,tutoia,-2.7619,-42.2744,26.38,89,94,1.79,BR,1713784025
254,siuna,13.7332,-84.7773,21.74,98,44,0.84,NI,1713784028
255,havre,49.5833,0.3333,10.87,62,75,6.17,FR,1713784031
256,port hueneme,34.1478,-119.1951,15.26,95,100,3.09,US,1713784033
257,berryville,36.3648,-93.568,3.1,86,0,1.49,US,1713784035
258,kristiansund,63.1115,7.732,7.36,49,75,1.03,NO,1713784037
259,barcelos,41.5388,-8.6151,20.08,37,0,2.64,PT,1713784040
260,poronaysk,49.2167,143.1167,2.1,88,100,2.67,RU,1713784042
261,salina,38.8403,-97.6114,9.47,68,0,4.63,US,1713784045
262,aksuat,48.7167,83.7,20.46,38,1,7.17,KZ,1713784046
263,quthing,-30.4,27.7003,24.65,30,58,10.92,LS,1713784046
264,port saint john's,-31.6229,29.5448,26.19,75,100,2.87,ZA,1713784046
265,arkhangel'sk,64.5401,40.5433,2.06,55,40,8.0,RU,1713784047
266,vung tau,10.346,107.0843,28.93,72,75,6.39,VN,1713783510
267,iguape,-24.7081,-47.5553,19.59,88,8,1.46,BR,1713784047
268,alta sierra,35.7291,-118.5495,5.62,54,0,1.66,US,1713784050
269,gokceada,40.2011,25.909,18.6,63,75,2.57,TR,1713784053
270,hailar,49.2,119.7,7.01,59,99,8.32,CN,1713784055
271,sao jose da coroa grande,-8.8978,-35.1478,27.32,81,93,0.56,BR,1713784057
272,santa cruz,-17.8,-63.1667,23.01,91,62,4.06,BO,1713783636
273,gadzhiyevo,69.2551,33.3362,-6.86,66,5,10.3,RU,1713784063
274,fang,19.9169,99.2145,38.84,14,31,1.99,TH,1713784063
275,mundri,-6.9558,111.71,26.63,87,99,3.89,ID,1713784066
276,cabo san lucas,22.8909,-109.9124,23.06,54,0,5.21,MX,1713783919
277,al jubayl,27.0112,49.6583,30.73,47,0,4.37,SA,1713784016
278,colares,38.7992,-9.4469,25.18,63,0,5.36,PT,1713784073
279,abepura,-2.6333,140.5833,27.45,83,20,1.54,ID,1713784075
280,baykalovo,57.3981,63.7684,16.26,36,100,3.55,RU,1713784077
281,newberry,34.2746,-81.6187,9.99,93,100,3.86,US,1713784079
282,ashmyany,54.425,25.9378,0.0,100,100,7.41,BY,1713784081
283,olonkinbyen,70.9221,-8.7187,-1.61,61,0,7.92,SJ,1713784082
284,dakhla,23.6848,-15.958,19.58,72,36,6.66,EH,1713784084
285,nuku'alofa,-21.1333,-175.2,26.19,76,90,6.93,TO,1713784086
286,bonthe,7.5264,-12.505,27.7,82,98,2.79,SL,1713784088
287,hadibu,12.65,54.0333,30.71,63,98,3.6,YE,1713784091
288,hotan,37.0997,79.9269,26.51,10,24,5.6,CN,1713784009
289,newman,37.3138,-121.0208,15.72,87,1,1.34,US,1713784095
290,inongo,-1.95,18.2667,29.36,61,94,1.15,CD,1713784098
291,obo,5.3998,26.4869,38.3,24,24,2.23,CF,1713784100
292,susuman,62.7833,148.1667,-10.57,96,36,0.89,RU,1713784103
293,faya-largeau,17.9257,19.1043,43.21,6,1,6.73,TD,1713784106
294,copiapo,-27.3667,-70.3333,15.52,83,31,0.61,CL,1713784109
295,dompu,-8.5356,118.4622,25.5,96,100,1.34,ID,1713784112
296,ribeira brava,32.65,-17.0667,22.06,64,93,0.86,PT,1713784112
297,dubbo,-32.25,148.6167,16.07,67,0,4.12,AU,1713783344
298,masterton,-40.9597,175.6575,10.49,95,89,1.22,NZ,1713783925
299,northam,51.0333,-4.2167,12.03,78,98,3.21,GB,1713784113
300,okhotsk,59.3833,143.3,-2.5,96,100,1.61,RU,1713784115
301,posto fiscal rolim de moura,-13.0833,-62.2667,23.62,95,99,0.86,BR,1713784117
302,belyy yar,53.6039,91.3903,10.94,43,0,8.0,RU,1713784118
303,flying fish cove,-10.4217,105.6791,26.82,100,100,4.63,CX,1713784120
304,merizo village,13.2658,144.6691,28.31,86,28,6.76,GU,1713784123
305,touros,-5.1989,-35.4608,27.93,80,100,4.41,BR,1713784126
306,magadan,59.5667,150.8,-0.82,94,57,1.54,RU,1713783850
307,changshu city,31.6462,120.7422,15.38,85,97,3.19,CN,1713784130
308,kamen'-na-obi,53.7884,81.3423,10.18,44,9,7.39,RU,1713784132
309,remire-montjoly,4.9167,-52.2667,25.02,94,100,0.0,GF,1713784134
310,yichang,30.7144,111.2847,20.2,77,100,1.62,CN,1713783995
311,flin flon,54.7682,-101.865,-0.76,97,99,3.73,CA,1713784139
312,shingu,33.7333,135.9833,16.86,91,100,2.28,JP,1713784142
313,danielskuil,-28.1887,23.5395,27.44,23,72,9.91,ZA,1713784144
314,zyryanskoye,56.8306,86.6258,3.3,67,100,6.1,RU,1713784146
315,ribas do rio pardo,-20.4431,-53.7592,22.45,73,0,1.71,BR,1713784146
316,tsiombe,-25.3,45.4833,29.87,36,0,3.55,MG,1713784146
317,guiyang,26.5833,106.7167,15.95,90,100,3.05,CN,1713783855
318,papao,-17.75,-149.55,25.37,78,38,3.11,PF,1713784147
319,decatur,39.8403,-88.9548,4.58,80,0,3.09,US,1713784147
320,taroa,8.7058,171.2275,27.86,85,92,7.53,MH,1713784147
321,mersa matruh,31.3525,27.2453,27.24,35,66,6.86,EG,1713784148
322,cruz bay,18.3313,-64.7937,26.42,81,29,6.46,VI,1713784148
323,klyuchi,52.2667,79.1667,17.13,24,19,7.82,RU,1713784148
324,kourou,5.1552,-52.6478,25.03,90,100,1.84,GF,1713784151
325,sotnikovskoye,45.0039,43.7772,21.1,36,58,3.19,RU,1713784154
326,robertsport,6.7533,-11.3686,27.75,81,100,3.01,LR,1713784155
327,santarem,-2.4431,-54.7083,25.07,94,75,0.0,BR,1713784158
328,labytnangi,66.6572,66.4183,-10.35,78,63,5.26,RU,1713784160
329,vilhena,-12.7406,-60.1458,21.47,99,100,0.96,BR,1713783972
330,qamdo,31.1667,97.2333,7.06,32,79,1.23,CN,1713784165
331,auki,-8.7676,160.7034,26.82,85,60,0.46,SB,1713784168
332,rawson,-43.3002,-65.1023,8.76,70,74,5.28,AR,1713784169
333,tukrah,32.5341,20.5791,33.56,19,93,12.5,LY,1713784171
334,forshaga,59.5254,13.4813,3.29,44,20,3.09,SE,1713784174
335,yilan,24.757,121.753,27.81,88,100,0.72,TW,1713784177
336,luderitz,-26.6481,15.1594,23.31,56,11,5.14,NA,1713784178
337,saint-pierre,-21.3393,55.4781,28.82,65,100,3.09,RE,1713784182
338,bulungu,-4.55,18.6,34.94,41,27,2.08,CD,1713784184
339,amnat charoen,15.9167,104.75,38.92,21,52,3.15,TH,1713784187
340,jalalpur,32.6374,74.2183,31.93,29,40,7.2,PK,1713784188
341,pyt-yakh,60.7499,72.8582,-7.97,75,100,6.89,RU,1713784188
342,tannum sands,-23.9504,151.3693,21.94,68,11,5.66,AU,1713784188
343,bontang,0.1333,117.5,27.94,86,75,3.58,ID,1713784188
344,kralendijk,12.15,-68.2667,27.99,83,40,4.63,BQ,1713784189
345,kargasok,59.0556,80.8572,1.09,100,97,4.92,RU,1713784189
346,atafu village,-8.5421,-172.5159,29.59,73,31,3.03,TK,1713784189
347,conception bay south,47.4999,-52.9981,5.41,98,100,2.88,CA,1713784189
348,saint-felicien,48.6501,-72.4491,-10.12,44,71,5.68,CA,1713784190
349,vilyuysk,63.7553,121.6247,0.56,100,100,3.58,RU,1713784193
350,labrador city,52.9463,-66.9114,-11.57,90,100,5.98,CA,1713784195
351,selfoss,63.9331,-20.9971,8.36,52,64,1.83,IS,1713784198
352,idri,27.5,13.2667,39.65,5,99,10.83,LY,1713784201
353,kimberley,-28.7323,24.7623,29.96,19,96,10.7,ZA,1713784204
354,christchurch,-43.5333,172.6333,10.11,81,100,2.06,NZ,1713784206
355,basni,27.1667,73.65,35.46,16,38,4.85,IN,1713784212
356,al bayda',32.7627,21.7551,29.71,16,100,15.81,LY,1713784215
357,dakoro,14.5106,6.765,38.27,22,99,4.41,NE,1713784218
358,laela,-8.5667,32.05,23.41,67,28,2.53,TZ,1713784221
359,bengkulu,-3.8004,102.2655,27.8,84,96,1.68,ID,1713784171
360,boende,-0.2167,20.8667,38.37,32,10,1.05,CD,1713784226
361,estherville,43.4016,-94.8328,5.31,64,0,4.63,US,1713784229
362,ingeniero jacobacci,-41.3427,-69.5448,2.59,98,100,4.03,AR,1713784230
363,vengerovo,55.6848,76.7471,11.08,40,39,8.54,RU,1713784233
364,grand-bassam,5.2118,-3.7388,27.98,64,100,2.11,CI,1713784233
365,ilhabela,-23.7781,-45.3581,22.9,72,0,1.01,BR,1713784234
366,kingston,17.997,-76.7936,25.09,88,2,1.12,JM,1713784235
367,vokhtoga,58.8147,41.0461,18.51,61,91,5.41,RU,1713784235
368,rio claro,-22.4114,-47.5614,18.89,65,0,1.55,BR,1713784236
369,ilebo,-4.3167,20.5833,36.43,37,74,1.76,CD,1713784236
370,ponta delgada,37.7333,-25.6667,18.44,88,40,3.09,PT,1713784191
371,bechar,31.6167,-2.2167,21.69,25,5,0.89,DZ,1713784238
372,vuktyl,63.8567,57.3094,-4.38,57,98,5.36,RU,1713784239
373,muang khong,14.1167,105.85,37.18,24,19,1.09,LA,1713784240
374,bandiagara,14.3501,-3.6104,38.1,24,94,5.48,ML,1713784242
375,pamandzi,-12.7967,45.2794,30.88,74,75,4.63,YT,1713784244
376,saudarkrokur,65.7461,-19.6394,7.28,50,56,5.08,IS,1713784244
377,belmar,40.1785,-74.0218,6.68,68,0,1.54,US,1713784244
378,cromer,52.9312,1.2989,10.04,61,100,3.48,GB,1713783972
379,kriva palanka,42.2019,22.3319,13.84,48,76,1.73,MK,1713784244
380,tinajo,29.0788,-13.7081,22.49,53,20,6.69,ES,1713784245
381,bataipora,-22.2953,-53.2711,22.31,75,0,2.47,BR,1713784245
382,bikenibeu village,1.3673,173.1241,27.98,89,75,2.06,KI,1713784246
383,anna regina,7.2644,-58.5077,27.05,75,72,1.69,GY,1713784248
384,tromso,69.6496,18.957,2.01,41,0,9.26,NO,1713784251
385,baoshan,46.5586,131.4244,12.56,60,100,3.1,CN,1713784254
386,nova sintra,14.8667,-24.7167,19.77,68,82,6.0,CV,1713784256
387,abu road,24.4833,72.7833,36.74,13,0,5.97,IN,1713784259
388,cruzeiro do sul,-29.5128,-51.9853,20.84,94,98,1.24,BR,1713784262
389,jammalamadugu,14.8333,78.4,42.41,12,37,2.79,IN,1713784265
390,axim,4.8699,-2.2405,30.68,68,100,1.74,GH,1713784267
391,mayya,61.7333,130.2811,4.62,97,100,2.01,RU,1713784270
392,soio,-6.1349,12.3689,30.52,70,98,2.05,AO,1713784273
393,san juan bautista,-14.0108,-75.7358,20.41,84,35,0.75,PE,1713784274
394,pola de lena,43.1609,-5.8288,12.81,41,10,3.11,ES,1713784277
395,vilyuchinsk,52.9306,158.4028,2.92,79,22,2.4,RU,1713784279
396,aykhal,66.0,111.5,-1.15,98,100,3.68,RU,1713784280
397,sao vicente,-23.9631,-46.3919,26.26,26,0,1.36,BR,1713784281
398,kabarnet,0.4919,35.743,25.11,43,92,2.19,KE,1713784283
399,paraiso,9.8383,-83.8656,19.53,100,77,0.94,CR,1713784284
400,mana,5.6592,-53.7767,26.09,89,69,3.82,GF,1713784287
401,prainha,-1.8,-53.48,23.55,99,100,1.0,BR,1713784290
402,skagen,57.7209,10.5839,2.93,56,42,5.23,DK,1713784291
403,kill devil hills,36.0307,-75.676,11.1,55,100,7.2,US,1713784292
404,gopalpur,19.2667,84.9167,32.03,64,84,6.56,IN,1713784236
405,nova vicosa,-17.8919,-39.3719,25.31,83,11,1.65,BR,1713784293
406,longgang,37.6508,120.3286,16.5,66,82,5.19,CN,1713784296
407,andergrove,-21.0833,149.1833,23.14,82,42,10.75,AU,1713784023
408,dolores,-36.3132,-57.6792,13.89,68,84,5.74,AR,1713784252
409,aripuana,-9.1667,-60.6333,23.31,99,100,0.56,BR,1713784308
410,alofi,-19.0595,-169.9187,21.94,94,95,1.54,NU,1713784310
411,huancabamba,-5.2386,-79.4506,14.81,88,100,1.34,PE,1713784313
412,fortaleza,-3.7227,-38.5247,28.07,78,75,3.09,BR,1713784242
413,broome,42.2506,-75.833,1.78,79,11,0.45,US,1713784317
414,el bauga,18.262,33.9081,38.86,8,0,4.02,SD,1713784319
415,jimma,7.6667,36.8333,29.58,29,36,1.0,ET,1713784320
416,narvik,68.4384,17.4272,2.67,54,1,3.84,NO,1713784323
417,nyala,12.05,24.8833,39.03,15,14,4.28,SD,1713784328
418,portland,45.5234,-122.6762,7.56,84,0,2.68,US,1713784152
419,kiunga,-6.1219,141.2906,24.92,93,97,0.53,PG,1713784330
420,mahajanga,-15.7167,46.3167,32.28,56,4,2.74,MG,1713784331
421,kununurra,-15.7667,128.7333,23.99,60,5,0.0,AU,1713784331
422,lihue,21.9789,-159.3672,21.77,77,40,8.23,US,1713784331
423,arinos,-15.9169,-46.1056,22.36,74,3,1.49,BR,1713784331
424,tabatinga,-4.2525,-69.9381,25.0,88,40,1.54,BR,1713784332
425,sechura,-5.5569,-80.8222,22.57,78,100,4.41,PE,1713784332
426,prado,-17.3411,-39.2208,24.35,90,36,2.7,BR,1713784332
427,pyapon,16.2833,95.6833,37.63,33,36,5.4,MM,1713784335
428,zhezqazghan,47.7833,67.7667,26.32,27,0,12.0,KZ,1713784338
429,ridgecrest,35.6225,-117.6709,20.92,42,0,1.54,US,1713784342
430,gargalianoi,37.0667,21.6333,22.34,45,95,4.88,GR,1713784345
431,east ballina,-28.8667,153.5833,18.22,73,80,6.04,AU,1713784347
432,warmbad,-28.45,18.7333,29.7,19,14,3.25,NA,1713784350
433,pont rouge,48.8833,-72.0825,-10.87,39,58,6.46,CA,1713784353
434,dunay,42.8803,132.3375,7.07,87,90,6.28,RU,1713784355
435,floro,61.5996,5.0328,10.13,49,75,3.09,NO,1713784358
436,namibe,-15.1961,12.1522,30.16,54,45,3.96,AO,1713784360
437,narasannapeta,18.4167,84.05,33.34,56,59,8.44,IN,1713784363
438,banikoara,11.2985,2.4386,31.97,44,100,3.93,BJ,1713784366
439,al kharj,24.155,47.3346,36.6,8,0,5.12,SA,1713784368
440,hasaki,35.7333,140.8333,16.22,71,96,5.84,JP,1713784371
441,kurumkan,54.3,110.3,7.85,53,90,0.45,RU,1713784374
442,namtsy,62.7161,129.6658,0.84,98,100,2.27,RU,1713784377
443,howard springs,-12.497,131.047,26.95,84,45,1.51,AU,1713784379
444,kavaratti,10.5669,72.642,30.39,72,18,2.63,IN,1713784381
445,bardai,11.65,7.2333,37.26,21,82,2.59,NG,1713784382
446,arauquita,7.0292,-71.4281,22.59,97,100,1.3,CO,1713784382
447,general acha,-37.377,-64.6043,9.82,84,100,6.56,AR,1713784383
448,peniche,39.3558,-9.3811,24.05,75,65,2.17,PT,1713784220
449,fort mcmurray,56.7268,-111.381,3.56,71,84,1.84,CA,1713784383
450,antofagasta,-23.65,-70.4,17.67,84,41,2.84,CL,1713784339
451,tralee,52.2704,-9.7026,14.8,73,53,2.59,IE,1713784209
452,kruisfontein,-34.0033,24.7314,22.71,59,0,9.41,ZA,1713784386
453,koksan,38.7819,126.6664,12.06,72,75,2.94,KP,1713784389
454,sambava,-14.2667,50.1667,28.94,74,77,5.15,MG,1713784391
455,guapi,2.5708,-77.8854,23.31,97,100,1.95,CO,1713784394
456,smithers,54.7804,-127.1743,1.52,87,81,1.48,CA,1713784397
457,burnie,-41.0667,145.9167,12.47,85,95,2.88,AU,1713784385
458,ruwandiz,36.6163,44.5311,25.1,37,14,2.38,IQ,1713784401
459,zima,53.9202,102.0442,4.09,83,100,1.24,RU,1713784403
460,belozersk,60.0326,37.7957,12.77,67,68,6.26,RU,1713784407
461,den burg,53.0542,4.7972,11.08,64,100,6.69,NL,1713784409
462,aparecida do taboado,-20.0867,-51.0936,22.46,67,3,1.71,BR,1713784411
463,colonia,50.9333,6.95,10.23,55,20,2.06,DE,1713784142
464,chadan,51.2833,91.5833,9.05,74,100,1.78,RU,1713784419
465,raymondville,26.4815,-97.7831,17.35,70,100,4.33,US,1713784422
466,tarnogskiy gorodok,60.4997,43.5761,16.05,49,98,6.44,RU,1713784425
467,coxim,-18.5067,-54.76,23.12,77,5,1.6,BR,1713784428
468,mejit,10.2753,170.8646,27.33,88,93,8.48,MH,1713784430
469,oloron-sainte-marie,43.1944,-0.6107,11.96,44,12,3.92,FR,1713784433
470,lemvig,56.5486,8.3102,8.97,47,34,3.59,DK,1713784436
471,mitu,1.1983,-70.1733,22.7,100,100,0.98,CO,1713784438
472,edinboro,41.8742,-80.1317,1.4,87,1,0.45,US,1713784439
473,lionel town,17.8101,-77.2406,25.5,87,15,2.39,JM,1713784439
474,clarksville,36.5298,-87.3595,3.14,88,0,0.0,US,1713784440
475,san colombano al lambro,45.1841,9.4868,6.72,91,100,5.62,IT,1713784307
476,tafuna,-14.3358,-170.72,28.97,84,75,3.09,AS,1713784440
477,berdigestyakh,62.0989,126.6992,1.4,100,100,3.53,RU,1713784440
478,nogliki,51.8333,143.1667,-3.14,96,42,1.79,RU,1713784441
479,crane,31.3974,-102.3501,10.31,67,100,3.73,US,1713784441
480,uray,60.1247,64.7758,3.26,83,93,3.13,RU,1713784299
481,myitkyina,25.3833,97.4,31.91,37,95,2.46,MM,1713784442
482,booue,-0.0921,11.9385,31.11,75,98,0.87,GA,1713784442
483,chonchi,-42.6128,-73.8092,6.73,94,100,0.93,CL,1713784442
484,puerto armuelles,8.2833,-82.8667,24.49,90,72,1.79,PA,1713784443
485,vostochnyy,55.8167,37.8667,15.66,87,84,8.17,RU,1713784445
486,whangarei,-35.7317,174.3239,14.8,79,4,3.33,NZ,1713784413
487,linxia chengguanzhen,35.6003,103.2064,11.73,43,97,6.3,CN,1713784447
488,holbrook,40.8123,-73.0784,7.66,68,20,2.06,US,1713784448
489,mohpa,21.3167,78.8167,27.64,20,98,4.89,IN,1713784450
490,tatarsk,55.219,75.9828,12.64,38,16,8.16,RU,1713784359
491,embu,-23.6489,-46.8522,21.17,62,0,1.83,BR,1713784454
492,manacapuru,-3.2997,-60.6206,23.96,95,100,2.14,BR,1713784456
493,buga,3.9009,-76.2978,20.84,97,100,0.41,CO,1713784313
494,acarau,-2.8856,-40.12,25.4,90,100,4.01,BR,1713784462
495,cidreira,-30.1811,-50.2056,20.24,78,88,1.16,BR,1713784463
496,muscat,23.6139,58.5922,30.01,64,0,3.76,OM,1713783889
497,najran,17.4924,44.1277,34.36,31,55,3.21,SA,1713784297
498,frontera,26.9333,-101.45,14.38,89,100,1.79,MX,1713784470
499,zhangye,38.9342,100.4517,15.77,14,1,4.83,CN,1713784452
500,laguna,38.421,-121.4238,17.02,89,0,0.0,US,1713784237
501,west fargo,46.875,-96.9004,8.0,53,0,7.2,US,1713784478
502,barbastro,42.0356,0.1269,15.3,17,5,1.93,ES,1713784481
503,pangoa,-12.1167,-73.0,20.7,99,100,1.01,PE,1713784482
504,ixtapa,20.7,-105.2,19.01,77,0,0.0,MX,1713784484
505,astrakhan,46.3497,48.0408,25.93,44,0,7.0,RU,1713784265
506,makaha,21.4694,-158.2175,23.95,68,100,3.6,US,1713784489
507,new norfolk,-42.7826,147.0587,13.73,92,100,1.43,AU,1713784490
508,pathein,16.7833,94.7333,31.61,57,4,6.12,MM,1713784492
509,chimore,-16.9833,-65.1333,23.37,98,90,0.27,BO,1713784495
510,metlili chaamba,32.2667,3.6333,18.52,26,0,6.69,DZ,1713784497
511,newport,51.5877,-2.9984,11.4,73,100,1.65,GB,1713784502
512,alcoy,38.7054,-0.4743,16.66,69,90,1.92,ES,1713784494
513,yuzhno-kurilsk,44.0306,145.8556,2.43,97,100,3.3,RU,1713784507
514,kulu,39.0951,33.0799,21.16,24,63,6.43,TR,1713784509
515,buzuluk,52.7807,52.2635,26.09,32,76,6.71,RU,1713784349
516,tamanrasset,22.785,5.5228,30.95,10,0,8.23,DZ,1713784450
517,taksimo,56.3444,114.8794,4.29,63,94,1.87,RU,1713784516
518,salinas,36.6777,-121.6555,13.31,85,0,0.0,US,1713784519
519,konstantinovskoye,45.2992,42.6367,20.32,39,77,1.94,RU,1713784521
520,eyl,7.9803,49.8164,31.97,52,95,5.98,SO,1713784526
521,jerantut,3.936,102.3626,26.46,94,100,1.13,MY,1713784510
522,pavlodar,52.3,76.95,17.89,27,0,7.0,KZ,1713784268
523,hat yai,7.0084,100.4767,34.1,52,20,4.12,TH,1713784465
524,necochea,-38.5473,-58.7368,11.2,63,96,4.88,AR,1713784507
525,alice springs,-23.7,133.8833,17.75,52,100,1.54,AU,1713784395
526,akureyri,65.6835,-18.0878,8.96,37,0,1.03,IS,1713784549
527,mbabane,-26.3167,31.1333,30.38,21,31,3.19,SZ,1713784356
528,calheta,32.7167,-17.1833,22.06,51,94,1.34,PT,1713784554
529,bam,29.106,58.357,29.03,19,63,2.35,IR,1713784479
530,seven pagodas,12.6264,80.1722,34.03,62,97,5.9,IN,1713784560
531,keyser,39.4409,-78.9739,2.4,91,0,1.65,US,1713784564
532,mangrol,21.1167,70.1167,29.93,55,0,8.74,IN,1713784567
533,praia da vitoria,38.7333,-27.0667,17.64,77,20,3.0,PT,1713784568
534,nagqu,31.5,92.0,8.68,11,100,10.66,CN,1713784441
535,sonoita,31.85,-112.8333,21.45,20,0,1.65,MX,1713784576
536,virovitica,45.8319,17.3839,9.75,56,99,2.82,HR,1713784526
537,pokaran,26.9167,71.9167,36.51,12,32,5.05,IN,1713784582
538,simanggang,1.2472,111.4528,31.99,79,100,1.03,MY,1713784584
539,port shepstone,-30.7414,30.455,23.83,84,100,1.9,ZA,1713784303
540,aldinga beach,-35.2793,138.4604,20.91,41,4,2.2,AU,1713784588
541,ust'-barguzin,53.45,108.9833,0.43,91,73,0.43,RU,1713784590
542,bangor,54.6534,-5.669,11.73,81,100,5.14,GB,1713784593
543,santa ana,33.7456,-117.8678,16.14,89,100,1.54,US,1713784597
544,bo phloi,14.3236,99.5161,38.73,26,96,4.23,TH,1713784599
545,camaqua,-30.8511,-51.8122,18.19,85,100,0.78,BR,1713784581
546,torres,-29.3353,-49.7269,18.81,75,97,0.45,BR,1713784555
547,conde,-7.2597,-34.9075,26.7,89,75,2.06,BR,1713784605
548,sao gabriel da cachoeira,-0.1303,-67.0892,23.3,97,98,0.79,BR,1713784608
549,puerto aysen,-45.4,-72.7,-1.3,97,90,0.53,CL,1713784610
550,ak'ordat,15.5486,37.8867,38.33,7,47,2.0,ER,1713784612
551,sosnovka,56.255,51.2842,23.12,53,94,4.7,RU,1713784617
552,kibale,0.8,31.0667,30.73,37,33,2.12,UG,1713784620
553,labuan,5.2767,115.2417,30.2,79,40,1.03,MY,1713784622
554,mogocha,53.7333,119.7667,1.46,98,100,1.65,RU,1713784625
555,fes,34.0372,-4.9998,22.14,46,40,3.09,MA,1713784626
556,mezhdurechenskiy,59.6,65.9333,3.89,55,71,5.73,RU,1713784629
557,tabas,33.5959,56.9244,32.36,13,61,2.3,IR,1713784631
558,lubango,-14.9172,13.4925,25.3,35,19,3.6,AO,1713784310
559,tambopata,-12.7333,-69.1833,25.94,89,40,1.03,PE,1713784558
560,susanville,40.4163,-120.653,4.34,87,0,2.06,US,1713784639
561,puerto leguizamo,-0.1934,-74.7819,22.53,100,100,0.91,CO,1713784640
562,am timan,11.0297,20.2827,41.11,19,55,2.78,TD,1713784642
563,batyrevo,55.0675,47.6111,23.05,53,100,6.83,RU,1713784644
564,calama,-22.4667,-68.9333,8.27,49,0,7.72,CL,1713784645
565,khandud,36.9513,72.318,8.89,57,91,0.67,AF,1713784647
566,kars,40.602,43.095,20.25,21,40,4.12,TR,1713784574
567,lorengau,-2.0226,147.2712,28.31,74,98,2.54,PG,1713784652
568,ciudad bolivar,8.1222,-63.5497,25.6,77,96,5.27,VE,1713784655
569,daru,-9.0763,143.2092,27.61,87,99,4.85,PG,1713784657
570,midvagur,62.0511,-7.1939,8.46,66,75,2.57,FO,1713784659
571,castillos,-34.1667,-53.8333,17.61,98,100,5.38,UY,1713784662
572,kodinsk,58.6881,99.1844,1.36,96,100,3.27,RU,1713784666
573,port augusta,-32.5,137.7667,19.18,37,3,1.68,AU,1713784668
574,taoudenni,22.6783,-3.9836,34.06,8,0,3.55,ML,1713784671
575,bloomfield,40.8068,-74.1854,7.59,66,0,3.09,US,1713784516
576,at taj,24.2049,23.2857,38.62,7,72,6.74,LY,1713784678
577,kisangani,0.5167,25.2,37.37,32,46,0.46,CD,1713784680
578,upington,-28.4478,21.2561,32.21,14,0,1.54,ZA,1713784683
